Year,Country1,Country2,GroupStage,Round1,Round2,Round3,Round4,Rounds,Score1,Score2,Day,Month,StartDay,StartMonth,EndDay,EndMonth,DisputesAfter,DisputesBefore
1930,France,Mexico,1,0,0,0,0,2,4,1,13,7,13,7,30,7,0,0
1930,Argentina,France,1,0,0,0,0,2,1,0,15,7,13,7,30,7,0,0
1930,Chile,Mexico,1,0,0,0,0,2,3,0,16,7,13,7,30,7,0,0
1930,Chile,France,1,0,0,0,0,2,1,0,19,7,13,7,30,7,0,0
1930,Argentina,Mexico,1,0,0,0,0,2,6,3,19,7,13,7,30,7,0,0
1930,Argentina,Chile,1,0,0,0,0,2,3,1,22,7,13,7,30,7,0,0
1930,Yugoslavia,Brazil,1,0,0,0,0,2,2,1,14,7,13,7,30,7,0,0
1930,Yugoslavia,Bolivia,1,0,0,0,0,2,4,0,17,7,13,7,30,7,0,0
1930,Brazil,Bolivia,1,0,0,0,0,2,4,0,20,7,13,7,30,7,0,1
1930,Romania,Peru,1,0,0,0,0,2,3,1,14,7,13,7,30,7,0,0
1930,Uruguay,Peru,1,0,0,0,0,2,1,0,18,7,13,7,30,7,0,0
1930,Uruguay,Romania,1,0,0,0,0,2,4,0,21,7,13,7,30,7,0,0
1930,USA,Belgium,1,0,0,0,0,2,3,0,13,7,13,7,30,7,0,0
1930,USA,Paraguay,1,0,0,0,0,2,3,0,17,7,13,7,30,7,0,0
1930,Paraguay,Belgium,1,0,0,0,0,2,1,0,20,7,13,7,30,7,0,0
1930,Argentina,USA,0,0,0,1,0,2,6,1,26,7,13,7,30,7,0,0
1930,Uruguay,Yugoslavia,0,0,0,1,0,2,6,1,27,7,13,7,30,7,0,0
1930,Uruguay,Argentina,0,0,0,0,1,2,4,2,30,7,13,7,30,7,0,0
1934,Italy,USA,0,1,0,0,0,4,7,1,27,5,27,5,10,6,0,0
1934,Spain,Brazil,0,1,0,0,0,4,3,1,27,5,27,5,10,6,0,0
1934,Austria,France,0,1,0,0,0,4,3,2,27,5,27,5,10,6,0,0
1934,Hungary,Egypt,0,1,0,0,0,4,4,2,27,5,27,5,10,6,0,0
1934,Czechoslovakia,Romania,0,1,0,0,0,4,2,1,27,5,27,5,10,6,0,0
1934,Switzerland,Netherlands,0,1,0,0,0,4,3,2,27,5,27,5,10,6,0,0
1934,Germany,Belgium,0,1,0,0,0,4,5,2,27,5,27,5,10,6,1,0
1934,Sweden,Argentina,0,1,0,0,0,4,3,2,27,5,27,5,10,6,0,0
1934,Italy,Spain,0,0,1,0,0,4,1,0,31,5,27,5,10,6,0,0
1934,Austria,Hungary,0,0,1,0,0,4,2,1,31,5,27,5,10,6,0,0
1934,Czechoslovakia,Switzerland,0,0,1,0,0,4,3,2,31,5,27,5,10,6,0,0
1934,Germany,Sweden,0,0,1,0,0,4,2,1,31,5,27,5,10,6,0,0
1934,Italy,Austria,0,0,0,1,0,4,1,0,3,6,27,5,10,6,0,0
1934,Czechoslovakia,Germany,0,0,0,1,0,4,3,1,3,6,27,5,10,6,1,0
1934,Italy,Czechoslovakia,0,0,0,0,1,4,2,1,10,6,27,5,10,6,0,0
1938,Italy,Norway,0,1,0,0,0,4,2,1,5,6,4,6,19,6,1,0
1938,France,Belgium,0,1,0,0,0,4,3,1,5,6,4,6,19,6,0,0
1938,Brazil,Poland,0,1,0,0,0,4,6,5,5,6,4,6,19,6,0,0
1938,Czechoslovakia,Netherlands,0,1,0,0,0,4,3,0,5,6,4,6,19,6,0,0
1938,Hungary,Dutch East Indies,0,1,0,0,0,4,6,0,5,6,4,6,19,6,0,0
1938,Switzerland,Germany,0,1,0,0,0,4,4,2,4,6,4,6,19,6,2,0
1938,Sweden,Austria,0,1,0,0,0,4,1,0,5,6,4,6,19,6,0,0
1938,Cuba,Romania,0,1,0,0,0,4,2,1,5,6,4,6,19,6,0,0
1938,Italy,France,0,0,1,0,0,4,3,1,12,6,4,6,19,6,3,1
1938,Brazil,Czechoslovakia,0,0,1,0,0,4,2,1,12,6,4,6,19,6,0,0
1938,Hungary,Switzerland,0,0,1,0,0,4,2,0,12,6,4,6,19,6,0,0
1938,Sweden,Cuba,0,0,1,0,0,4,8,0,12,6,4,6,19,6,0,0
1938,Italy,Brazil,0,0,0,1,0,4,2,1,16,6,4,6,19,6,0,0
1938,Hungary,Sweden,0,0,0,1,0,4,5,1,16,6,4,6,19,6,0,0
1938,Italy,Hungary,0,0,0,0,1,4,4,2,19,6,4,6,19,6,0,0
1950,Brazil,Mexico,1,0,0,0,0,1,4,0,24,6,24,6,16,7,0,0
1950,Yugoslavia,Switzerland,1,0,0,0,0,1,3,0,25,6,24,6,16,7,0,0
1950,Brazil,Switzerland,1,0,0,0,0,1,2,2,28,6,24,6,16,7,0,0
1950,Yugoslavia,Mexico,1,0,0,0,0,1,4,1,28,6,24,6,16,7,0,0
1950,Brazil,Yugoslavia,1,0,0,0,0,1,2,0,1,7,24,6,16,7,0,0
1950,Switzerland,Mexico,1,0,0,0,0,1,2,1,2,7,24,6,16,7,0,0
1950,United Kingdom,Chile,1,0,0,0,0,1,2,0,25,6,24,6,16,7,0,0
1950,Spain,USA,1,0,0,0,0,1,3,1,25,6,24,6,16,7,0,0
1950,Spain,Chile,1,0,0,0,0,1,2,0,29,6,24,6,16,7,0,0
1950,USA,United Kingdom,1,0,0,0,0,1,1,0,29,6,24,6,16,7,0,0
1950,Spain,United Kingdom,1,0,0,0,0,1,1,0,2,7,24,6,16,7,0,0
1950,Chile,USA,1,0,0,0,0,1,5,2,2,7,24,6,16,7,0,0
1950,Sweden,Italy,1,0,0,0,0,1,3,2,25,6,24,6,16,7,0,0
1950,Sweden,Paraguay,1,0,0,0,0,1,2,2,29,6,24,6,16,7,0,0
1950,Italy,Paraguay,1,0,0,0,0,1,2,0,2,7,24,6,16,7,0,0
1950,Uruguay,Bolivia,1,0,0,0,0,1,8,0,2,7,24,6,16,7,0,0
1950,Uruguay,Spain,0,0,0,0,1,1,2,2,9,7,24,6,16,7,0,0
1950,Brazil,Sweden,0,0,0,0,1,1,7,1,9,7,24,6,16,7,0,0
1950,Brazil,Spain,0,0,0,0,1,1,6,1,13,7,24,6,16,7,0,0
1950,Uruguay,Sweden,0,0,0,0,1,1,3,2,13,7,24,6,16,7,0,0
1950,Sweden,Spain,0,0,0,0,1,1,3,1,16,7,24,6,16,7,0,0
1950,Uruguay,Brazil,0,0,0,0,1,1,2,1,16,7,24,6,16,7,0,0
1954,Brazil,Mexico,1,0,0,0,0,3,5,0,16,6,16,6,4,7,0,0
1954,Yugoslavia,France,1,0,0,0,0,3,1,0,16,6,16,6,4,7,0,0
1954,Brazil,Yugoslavia,1,0,0,0,0,3,1,1,19,6,16,6,4,7,0,0
1954,France,Mexico,1,0,0,0,0,3,3,2,19,6,16,6,4,7,0,0
1954,West Germany,Turkey,1,1,0,0,0,3,4,1,17,6,16,6,4,7,0,0
1954,Hungary,South Korea,1,0,0,0,0,3,9,0,17,6,16,6,4,7,0,0
1954,West Germany,Hungary,1,0,0,0,0,3,3,2,20,6,16,6,4,7,0,0
1954,Turkey,South Korea,1,0,0,0,0,3,7,0,20,6,16,6,4,7,0,0
1954,Uruguay,Czechoslovakia,1,0,0,0,0,3,2,0,16,6,16,6,4,7,0,0
1954,Austria,Scotland,1,0,0,0,0,3,1,0,16,6,16,6,4,7,0,0
1954,Uruguay,Scotland,1,0,0,0,0,3,7,0,19,6,16,6,4,7,0,0
1954,Austria,Czechoslovakia,1,0,0,0,0,3,5,0,19,6,16,6,4,7,0,0
1954,Switzerland,Italy,1,0,0,0,0,3,2,1,17,6,16,6,4,7,0,0
1954,United Kingdom,Belgium,1,0,0,0,0,3,4,4,17,6,16,6,4,7,0,0
1954,Italy,Belgium,1,0,0,0,0,3,4,1,20,6,16,6,4,7,0,0
1954,United Kingdom,Switzerland,1,0,0,0,0,3,2,0,20,6,16,6,4,7,0,0
1954,West Germany,Yugoslavia,0,0,1,0,0,3,2,0,27,6,16,6,4,7,0,0
1954,Austria,Switzerland,0,0,1,0,0,3,7,5,26,6,16,6,4,7,0,0
1954,Hungary,Brazil,0,0,1,0,0,3,4,2,27,6,16,6,4,7,0,0
1954,Uruguay,United Kingdom,0,0,1,0,0,3,4,2,26,6,16,6,4,7,0,0
1954,West Germany,Austria,0,0,0,1,0,3,6,1,30,6,16,6,4,7,0,0
1954,Hungary,Uruguay,0,0,0,1,0,3,4,2,30,6,16,6,4,7,0,0
1954,Austria,Uruguay,0,0,0,0,1,3,3,1,3,7,16,6,4,7,0,0
1958,West Germany,Austria,1,0,0,0,0,3,3,1,8,6,8,6,29,6,0,0
1958,Northern Ireland,Czechoslovakia,1,0,0,0,0,3,1,0,8,6,8,6,29,6,0,0
1958,West Germany,Czechoslovakia,1,0,0,0,0,3,2,2,11,6,8,6,29,6,0,0
1958,Argentina,Northern Ireland,1,0,0,0,0,3,3,1,11,6,8,6,29,6,0,0
1958,West Germany,Northern Ireland,1,0,0,0,0,3,2,2,15,6,8,6,29,6,0,0
1958,Czechoslovakia,Argentina,1,0,0,0,0,3,6,1,15,6,8,6,29,6,0,0
1958,France,Paraguay,1,0,0,0,0,3,7,3,8,6,8,6,29,6,0,0
1958,Yugoslavia,Scotland,1,0,0,0,0,3,1,1,8,6,8,6,29,6,0,0
1958,Yugoslavia,France,1,0,0,0,0,3,3,2,11,6,8,6,29,6,0,0
1958,Paraguay,Scotland,1,0,0,0,0,3,3,2,11,6,8,6,29,6,0,0
1958,France,Scotland,1,0,0,0,0,3,2,1,15,6,8,6,29,6,0,0
1958,Paraguay,Yugoslavia,1,0,0,0,0,3,3,3,15,6,8,6,29,6,0,0
1958,Sweden,Mexico,1,0,0,0,0,3,3,0,8,6,8,6,29,6,0,0
1958,Hungary,Wales,1,0,0,0,0,3,1,1,8,6,8,6,29,6,0,0
1958,Mexico,Wales,1,0,0,0,0,3,1,1,11,6,8,6,29,6,0,0
1958,Sweden,Hungary,1,0,0,0,0,3,2,1,12,6,8,6,29,6,0,0
1958,Sweden,Wales,1,0,0,0,0,3,0,0,15,6,8,6,29,6,0,0
1958,Hungary,Mexico,1,0,0,0,0,3,4,0,15,6,8,6,29,6,0,0
1958,Brazil,Austria,1,0,0,0,0,3,3,0,8,6,8,6,29,6,0,0
1958,Soviet Union,United Kingdom,1,1,0,0,0,3,1,0,8,6,8,6,29,6,2,1
1958,Brazil,United Kingdom,1,0,0,0,0,3,0,0,11,6,8,6,29,6,0,0
1958,Soviet Union,Austria,1,0,0,0,0,3,2,0,11,6,8,6,29,6,0,0
1958,United Kingdom,Austria,1,0,0,0,0,3,2,2,15,6,8,6,29,6,0,0
1958,Brazil,Soviet Union,1,0,0,0,0,3,2,0,15,6,8,6,29,6,1,0
1958,Brazil,Wales,0,0,1,0,0,3,1,0,19,6,8,6,29,6,0,0
1958,France,Northern Ireland,0,0,1,0,0,3,4,0,19,6,8,6,29,6,0,0
1958,Sweden,Soviet Union,0,0,1,0,0,3,2,0,19,6,8,6,29,6,0,0
1958,West Germany,Yugoslavia,0,0,1,0,0,3,1,0,19,6,8,6,29,6,0,0
1958,Brazil,France,0,0,0,1,0,3,5,2,24,6,8,6,29,6,0,0
1958,Sweden,West Germany,0,0,0,1,0,3,3,1,24,6,8,6,29,6,0,0
1958,Brazil,Sweden,0,0,0,0,1,3,5,2,29,6,8,6,29,6,0,0
1958,France,West Germany,0,0,0,0,1,3,6,3,28,6,8,6,29,6,0,0
1962,Uruguay,Colombia,1,0,0,0,0,3,2,1,30,5,30,5,17,6,0,0
1962,Soviet Union,Yugoslavia,1,0,0,0,0,3,2,0,31,5,30,5,17,6,0,0
1962,Yugoslavia,Uruguay,1,0,0,0,0,3,3,1,2,6,30,5,17,6,0,0
1962,Soviet Union,Colombia,1,0,0,0,0,3,4,4,3,6,30,5,17,6,0,0
1962,Soviet Union,Uruguay,1,0,0,0,0,3,2,1,6,6,30,5,17,6,0,0
1962,Yugoslavia,Colombia,1,0,0,0,0,3,5,0,7,6,30,5,17,6,0,0
1962,Chile,Switzerland,1,0,0,0,0,3,3,1,30,5,30,5,17,6,0,0
1962,West Germany,Italy,1,0,0,0,0,3,0,0,31,5,30,5,17,6,0,0
1962,Chile,Italy,1,0,0,0,0,3,2,0,2,6,30,5,17,6,0,0
1962,West Germany,Switzerland,1,0,0,0,0,3,2,1,3,6,30,5,17,6,0,0
1962,West Germany,Chile,1,0,0,0,0,3,2,0,6,6,30,5,17,6,0,0
1962,Italy,Switzerland,1,0,0,0,0,3,3,0,7,6,30,5,17,6,0,0
1962,Brazil,Mexico,1,0,0,0,0,3,2,0,30,5,30,5,17,6,0,0
1962,Czechoslovakia,Spain,1,0,0,0,0,3,1,0,31,5,30,5,17,6,0,0
1962,Brazil,Czechoslovakia,1,0,0,0,1,3,3,1,2,6,30,5,17,6,0,0
1962,Spain,Mexico,1,0,0,0,0,3,1,0,3,6,30,5,17,6,0,0
1962,Brazil,Spain,1,0,0,0,0,3,2,1,6,6,30,5,17,6,0,0
1962,Mexico,Czechoslovakia,1,0,0,0,0,3,3,1,7,6,30,5,17,6,0,0
1962,Argentina,Bulgaria,1,0,0,0,0,3,1,0,30,5,30,5,17,6,0,0
1962,Hungary,United Kingdom,1,0,0,0,0,3,2,1,31,5,30,5,17,6,0,0
1962,United Kingdom,Argentina,1,0,0,0,0,3,3,1,2,6,30,5,17,6,0,0
1962,Hungary,Bulgaria,1,0,0,0,0,3,6,1,3,6,30,5,17,6,0,0
1962,Hungary,Argentina,1,0,0,0,0,3,0,0,6,6,30,5,17,6,0,0
1962,United Kingdom,Bulgaria,1,0,0,0,0,3,0,0,7,6,30,5,17,6,0,0
1962,Chile,Soviet Union,0,0,1,0,0,3,2,1,10,6,30,5,17,6,0,0
1962,Brazil,United Kingdom,0,0,1,0,0,3,3,1,10,6,30,5,17,6,0,0
1962,Yugoslavia,West Germany,0,0,1,0,0,3,1,0,10,6,30,5,17,6,0,0
1962,Czechoslovakia,Hungary,0,0,1,0,0,3,1,0,10,6,30,5,17,6,0,0
1962,Brazil,Chile,0,0,0,1,0,3,4,2,13,6,30,5,17,6,0,0
1962,Czechoslovakia,Yugoslavia,0,0,0,1,0,3,3,1,13,6,30,5,17,6,0,0
1962,Chile,Yugoslavia,0,0,0,0,1,3,1,0,16,6,30,5,17,6,0,0
1966,United Kingdom,Uruguay,1,0,0,0,0,3,0,0,11,7,11,7,30,7,0,0
1966,France,Mexico,1,0,0,0,0,3,1,1,13,7,11,7,30,7,0,0
1966,Uruguay,France,1,0,0,0,0,3,2,1,15,7,11,7,30,7,0,0
1966,United Kingdom,Mexico,1,0,0,0,0,3,2,0,16,7,11,7,30,7,0,0
1966,Mexico,Uruguay,1,0,0,0,0,3,0,0,19,7,11,7,30,7,0,0
1966,United Kingdom,France,1,0,0,0,0,3,2,0,20,7,11,7,30,7,0,0
1966,West Germany,Switzerland,1,0,0,0,0,3,5,0,12,7,11,7,30,7,0,0
1966,Argentina,Spain,1,0,0,0,0,3,2,1,13,7,11,7,30,7,0,0
1966,Spain,Switzerland,1,0,0,0,0,3,2,1,15,7,11,7,30,7,0,0
1966,Argentina,West Germany,1,0,0,0,0,3,0,0,16,7,11,7,30,7,0,0
1966,Argentina,Switzerland,1,0,0,0,0,3,2,0,19,7,11,7,30,7,0,0
1966,West Germany,Spain,1,0,0,0,0,3,2,1,20,7,11,7,30,7,0,0
1966,Brazil,Bulgaria,1,0,0,0,0,3,2,0,12,7,11,7,30,7,0,0
1966,Portugal,Hungary,1,0,0,0,0,3,3,1,13,7,11,7,30,7,0,0
1966,Hungary,Brazil,1,0,0,0,0,3,3,1,15,7,11,7,30,7,0,0
1966,Portugal,Bulgaria,1,0,0,0,0,3,3,0,16,7,11,7,30,7,0,0
1966,Portugal,Brazil,1,0,0,0,0,3,3,1,19,7,11,7,30,7,0,0
1966,Hungary,Bulgaria,1,0,0,0,0,3,3,1,20,7,11,7,30,7,0,0
1966,Soviet Union,North Korea,1,0,0,0,0,3,3,0,12,7,11,7,30,7,0,0
1966,Italy,Chile,1,0,0,0,0,3,2,0,13,7,11,7,30,7,0,0
1966,Chile,North Korea,1,0,0,0,0,3,1,1,15,7,11,7,30,7,0,0
1966,Soviet Union,Italy,1,0,0,0,0,3,1,0,16,7,11,7,30,7,0,0
1966,North Korea,Italy,1,0,0,0,0,3,1,0,19,7,11,7,30,7,0,0
1966,Soviet Union,Chile,1,0,0,0,0,3,2,1,20,7,11,7,30,7,0,0
1966,United Kingdom,Argentina,0,0,1,0,0,3,1,0,23,7,11,7,30,7,0,0
1966,Portugal,North Korea,0,0,1,0,0,3,5,0,23,7,11,7,30,7,0,0
1966,West Germany,Uruguay,0,0,1,0,0,3,4,0,23,7,11,7,30,7,0,0
1966,Soviet Union,Hungary,0,0,1,0,0,3,2,1,23,7,11,7,30,7,0,0
1966,United Kingdom,Portugal,0,0,1,0,0,3,2,1,26,7,11,7,30,7,0,1
1966,West Germany,Soviet Union,0,0,1,0,0,3,2,1,25,7,11,7,30,7,0,1
1966,United Kingdom,West Germany,0,0,1,0,0,3,4,2,30,7,11,7,30,7,0,0
1966,Portugal,Soviet Union,0,0,1,0,0,3,2,1,28,7,11,7,30,7,0,0
1970,Mexico,Soviet Union,1,0,0,0,0,3,0,0,31,5,31,5,21,6,0,0
1970,Belgium,El Salvador,1,0,0,0,0,3,3,0,3,6,31,5,21,6,0,0
1970,Soviet Union,Belgium,1,0,0,0,0,3,4,1,6,6,31,5,21,6,0,0
1970,Mexico,El Salvador,1,0,0,0,0,3,4,0,7,6,31,5,21,6,0,0
1970,Soviet Union,El Salvador,1,0,0,0,0,3,2,0,10,6,31,5,21,6,0,0
1970,Mexico,Belgium,1,0,0,0,0,3,1,0,11,6,31,5,21,6,0,0
1970,Uruguay,Israel,1,0,0,0,0,3,2,0,2,6,31,5,21,6,0,0
1970,Italy,Sweden,1,0,0,0,0,3,1,0,3,6,31,5,21,6,0,0
1970,Uruguay,Italy,1,0,0,0,0,3,0,0,6,6,31,5,21,6,0,0
1970,Sweden,Israel,1,0,0,0,0,3,1,1,7,6,31,5,21,6,0,0
1970,Sweden,Uruguay,1,0,0,0,0,3,1,0,10,6,31,5,21,6,0,0
1970,Israel,Italy,1,0,0,0,0,3,0,0,11,6,31,5,21,6,0,0
1970,United Kingdom,Romania,1,0,0,0,0,3,1,0,2,6,31,5,21,6,0,0
1970,Brazil,Czechoslovakia,1,0,0,0,0,3,4,1,3,6,31,5,21,6,0,0
1970,Romania,Czechoslovakia,1,0,0,0,0,3,2,1,6,6,31,5,21,6,1,0
1970,Brazil,United Kingdom,1,0,0,0,0,3,1,0,7,6,31,5,21,6,0,0
1970,Brazil,Romania,1,0,0,0,0,3,3,2,10,6,31,5,21,6,0,0
1970,United Kingdom,Czechoslovakia,1,0,0,0,0,3,1,0,11,6,31,5,21,6,0,0
1970,Peru,Bulgaria,1,0,0,0,0,3,3,2,2,6,31,5,21,6,0,0
1970,West Germany,Morocco,1,0,0,0,0,3,2,1,3,6,31,5,21,6,0,0
1970,Peru,Morocco,1,0,0,0,0,3,3,0,6,6,31,5,21,6,0,0
1970,West Germany,Bulgaria,1,0,0,0,0,3,5,2,7,6,31,5,21,6,0,0
1970,West Germany,Peru,1,0,0,0,0,3,3,1,10,6,31,5,21,6,0,0
1970,Bulgaria,Morocco,1,0,0,0,0,3,1,1,11,6,31,5,21,6,0,0
1970,Uruguay,Soviet Union,0,0,1,0,0,3,1,0,14,6,31,5,21,6,0,0
1970,Brazil,Peru,0,0,1,0,0,3,4,2,14,6,31,5,21,6,0,0
1970,Italy,Mexico,0,0,1,0,0,3,4,1,14,6,31,5,21,6,0,0
1970,West Germany,United Kingdom,0,0,1,0,0,3,3,2,14,6,31,5,21,6,0,0
1970,Brazil,Uruguay,0,0,0,1,0,3,3,1,17,6,31,5,21,6,0,0
1970,Italy,West Germany,0,0,0,1,0,3,4,3,17,6,31,5,21,6,0,0
1970,Brazil,Italy,0,0,0,0,1,3,4,1,21,6,31,5,21,6,0,0
1970,West Germany,Uruguay,0,0,0,0,1,3,1,0,20,6,31,5,21,6,0,0
1974,West Germany,Chile,1,0,0,0,0,2,1,0,14,6,13,6,7,7,0,0
1974,East Germany,Australia,1,0,0,0,0,2,2,0,14,6,13,6,7,7,0,0
1974,West Germany,Australia,1,0,0,0,0,2,3,0,18,6,13,6,7,7,0,0
1974,Chile,East Germany,1,0,0,0,0,2,1,1,18,6,13,6,7,7,0,0
1974,Australia,Chile,1,0,0,0,0,2,0,0,22,6,13,6,7,7,0,0
1974,East Germany,West Germany,1,0,0,0,0,2,1,0,22,6,13,6,7,7,0,0
1974,Brazil,Yugoslavia,1,0,0,0,0,2,0,0,13,6,13,6,7,7,0,0
1974,Scotland,Zaire,1,0,0,0,0,2,2,0,14,6,13,6,7,7,0,0
1974,Yugoslavia,Zaire,1,0,0,0,0,2,9,0,18,6,13,6,7,7,0,0
1974,Scotland,Brazil,1,0,0,0,0,2,0,0,18,6,13,6,7,7,0,0
1974,Yugoslavia,Scotland,1,0,0,0,0,2,1,1,22,6,13,6,7,7,0,0
1974,Brazil,Zaire,1,0,0,0,0,2,3,0,22,6,13,6,7,7,0,0
1974,Netherlands,Uruguay,1,0,0,0,0,2,2,0,15,6,13,6,7,7,0,0
1974,Sweden,Bulgaria,1,0,0,0,0,2,0,0,15,6,13,6,7,7,0,0
1974,Bulgaria,Uruguay,1,0,0,0,0,2,1,1,19,6,13,6,7,7,0,0
1974,Netherlands,Sweden,1,0,0,0,0,2,0,0,19,6,13,6,7,7,0,0
1974,Netherlands,Bulgaria,1,0,0,0,0,2,4,1,23,6,13,6,7,7,0,0
1974,Sweden,Uruguay,1,0,0,0,0,2,3,0,23,6,13,6,7,7,0,0
1974,Italy,Haiti,1,0,0,0,0,2,3,1,15,6,13,6,7,7,0,0
1974,Poland,Argentina,1,0,0,0,0,2,3,2,15,6,13,6,7,7,0,0
1974,Argentina,Italy,1,0,0,0,0,2,1,1,19,6,13,6,7,7,0,0
1974,Poland,Haiti,1,0,0,0,0,2,7,0,19,6,13,6,7,7,0,0
1974,Argentina,Haiti,1,0,0,0,0,2,4,1,23,6,13,6,7,7,0,0
1974,Poland,Italy,1,0,0,0,0,2,2,1,23,6,13,6,7,7,0,0
1974,Netherlands,Argentina,1,0,0,0,0,2,4,0,26,6,13,6,7,7,0,0
1974,Brazil,East Germany,1,0,0,0,0,2,1,0,26,6,13,6,7,7,0,0
1974,Brazil,Argentina,1,0,0,0,0,2,2,1,30,6,13,6,7,7,0,0
1974,Netherlands,East Germany,0,0,0,1,0,2,2,0,30,6,13,6,7,7,0,0
1974,Argentina,East Germany,0,0,0,1,0,2,1,1,3,7,13,6,7,7,0,0
1974,Netherlands,Brazil,0,0,0,1,0,2,2,0,3,7,13,6,7,7,0,0
1974,West Germany,Yugoslavia,0,0,0,1,0,2,2,0,26,6,13,6,7,7,0,0
1974,Poland,Sweden,0,0,0,1,0,2,1,0,26,6,13,6,7,7,0,0
1974,Poland,Yugoslavia,0,0,0,1,0,2,2,1,30,6,13,6,7,7,0,0
1974,West Germany,Sweden,0,0,0,1,0,2,4,2,30,6,13,6,7,7,0,0
1974,West Germany,Poland,0,0,0,1,0,2,1,0,3,7,13,6,7,7,0,0
1974,Sweden,Yugoslavia,0,0,0,1,0,2,2,1,3,7,13,6,7,7,0,0
1974,West Germany,Netherlands,0,0,0,0,1,2,2,1,7,7,13,6,7,7,0,0
1974,Poland,Brazil,0,0,0,0,1,2,1,0,6,7,13,6,7,7,0,0
1978,Italy,France,1,0,0,0,0,2,2,1,2,6,1,6,25,6,0,0
1978,Argentina,Hungary,1,0,0,0,0,2,2,1,2,6,1,6,25,6,0,0
1978,Italy,Hungary,1,0,0,0,0,2,3,1,6,6,1,6,25,6,0,0
1978,Argentina,France,1,0,0,0,0,2,2,1,6,6,1,6,25,6,0,0
1978,France,Hungary,1,0,0,0,0,2,3,1,10,6,1,6,25,6,0,0
1978,Italy,Argentina,1,0,0,0,0,2,1,0,10,6,1,6,25,6,0,0
1978,West Germany,Poland,1,0,0,0,0,2,0,0,1,6,1,6,25,6,0,0
1978,Tunisia,Mexico,1,0,0,0,0,2,3,1,2,6,1,6,25,6,0,0
1978,West Germany,Mexico,1,0,0,0,0,2,6,0,6,6,1,6,25,6,0,0
1978,Poland,Tunisia,1,0,0,0,0,2,1,0,6,6,1,6,25,6,0,0
1978,West Germany,Tunisia,1,0,0,0,0,2,0,0,10,6,1,6,25,6,0,0
1978,Poland,Mexico,1,0,0,0,0,2,3,1,10,6,1,6,25,6,0,0
1978,Austria,Spain,1,0,0,0,0,2,2,1,3,6,1,6,25,6,0,0
1978,Brazil,Sweden,1,0,0,0,0,2,1,1,3,6,1,6,25,6,0,0
1978,Austria,Sweden,1,0,0,0,0,2,1,0,7,6,1,6,25,6,0,0
1978,Brazil,Spain,1,0,0,0,0,2,0,0,7,6,1,6,25,6,0,0
1978,Spain,Sweden,1,0,0,0,0,2,1,0,11,6,1,6,25,6,0,0
1978,Brazil,Austria,1,0,0,0,0,2,1,0,11,6,1,6,25,6,0,0
1978,Peru,Scotland,1,0,0,0,0,2,3,1,3,6,1,6,25,6,0,0
1978,Netherlands,Iran,1,0,0,0,0,2,3,0,3,6,1,6,25,6,0,0
1978,Scotland,Iran,1,0,0,0,0,2,1,1,7,6,1,6,25,6,0,0
1978,Netherlands,Peru,1,0,0,0,0,2,0,0,7,6,1,6,25,6,0,0
1978,Peru,Iran,1,0,0,0,0,2,4,1,11,6,1,6,25,6,0,0
1978,Scotland,Netherlands,1,0,0,0,0,2,3,2,11,6,1,6,25,6,0,0
1978,Netherlands,Austria,0,0,0,1,0,2,5,1,14,6,1,6,25,6,0,0
1978,Italy,West Germany,0,0,0,1,0,2,0,0,14,6,1,6,25,6,0,0
1978,Netherlands,West Germany,0,0,0,1,0,2,2,2,18,6,1,6,25,6,0,0
1978,Italy,Austria,0,0,0,1,0,2,1,0,18,6,1,6,25,6,0,0
1978,Austria,West Germany,0,0,0,1,0,2,3,2,21,6,1,6,25,6,0,0
1978,Netherlands,Italy,0,0,0,1,0,2,2,1,21,6,1,6,25,6,0,0
1978,Brazil,Peru,0,0,0,1,0,2,3,0,14,6,1,6,25,6,0,0
1978,Argentina,Poland,0,0,0,1,0,2,2,0,14,6,1,6,25,6,0,0
1978,Poland,Peru,0,0,0,1,0,2,1,0,18,6,1,6,25,6,0,0
1978,Argentina,Brazil,0,0,0,1,0,2,0,0,18,6,1,6,25,6,0,0
1978,Brazil,Poland,0,0,0,1,0,2,3,1,21,6,1,6,25,6,0,0
1978,Argentina,Peru,0,0,0,1,0,2,6,0,21,6,1,6,25,6,0,0
1978,Argentina,Netherlands,0,0,0,0,1,2,3,1,25,6,1,6,25,6,0,0
1978,Brazil,Italy,0,0,0,0,1,2,2,1,24,6,1,6,25,6,0,0
1982,Italy,Poland,1,0,0,1,0,3,0,0,14,6,13,6,11,7,0,0
1982,Peru,Cameroon,1,0,0,0,0,3,0,0,15,6,13,6,11,7,0,0
1982,Italy,Peru,1,0,0,0,0,3,1,1,18,6,13,6,11,7,0,0
1982,Poland,Cameroon,1,0,0,0,0,3,0,0,19,6,13,6,11,7,0,0
1982,Poland,Peru,1,0,0,0,0,3,5,1,22,6,13,6,11,7,0,0
1982,Italy,Cameroon,1,0,0,0,0,3,1,1,23,6,13,6,11,7,0,0
1982,Algeria,West Germany,1,0,0,0,0,3,2,1,16,6,13,6,11,7,0,0
1982,Austria,Chile,1,0,0,0,0,3,1,0,17,6,13,6,11,7,0,0
1982,West Germany,Chile,1,0,0,0,0,3,4,1,20,6,13,6,11,7,0,0
1982,Austria,Algeria,1,0,0,0,0,3,2,0,21,6,13,6,11,7,0,0
1982,Algeria,Chile,1,0,0,0,0,3,3,2,24,6,13,6,11,7,0,0
1982,West Germany,Austria,1,0,0,0,0,3,1,0,25,6,13,6,11,7,0,0
1982,Belgium,Argentina,1,0,0,0,0,3,1,0,13,6,13,6,11,7,0,0
1982,Hungary,El Salvador,1,0,0,0,0,3,10,1,15,6,13,6,11,7,0,0
1982,Argentina,Hungary,1,0,0,0,0,3,4,1,18,6,13,6,11,7,0,0
1982,Belgium,El Salvador,1,0,0,0,0,3,1,0,19,6,13,6,11,7,0,0
1982,Belgium,Hungary,1,0,0,0,0,3,1,1,22,6,13,6,11,7,0,0
1982,Argentina,El Salvador,1,0,0,0,0,3,2,0,23,6,13,6,11,7,0,0
1982,United Kingdom,France,1,0,0,0,0,3,3,1,16,6,13,6,11,7,0,0
1982,Czechoslovakia,Kuwait,1,0,0,0,0,3,1,1,17,6,13,6,11,7,0,0
1982,United Kingdom,Czechoslovakia,1,0,0,0,0,3,2,0,20,6,13,6,11,7,0,0
1982,France,Kuwait,1,0,0,0,0,3,4,1,21,6,13,6,11,7,0,0
1982,France,Czechoslovakia,1,0,0,0,0,3,1,1,24,6,13,6,11,7,0,0
1982,United Kingdom,Kuwait,1,0,0,0,0,3,1,0,25,6,13,6,11,7,0,0
1982,Spain,Honduras,1,0,0,0,0,3,1,1,16,6,13,6,11,7,0,0
1982,Yugoslavia,Northern Ireland,1,0,0,0,0,3,0,0,17,6,13,6,11,7,0,0
1982,Spain,Yugoslavia,1,0,0,0,0,3,2,1,20,6,13,6,11,7,0,0
1982,Honduras,Northern Ireland,1,0,0,0,0,3,1,1,21,6,13,6,11,7,0,0
1982,Yugoslavia,Honduras,1,0,0,0,0,3,1,0,24,6,13,6,11,7,0,0
1982,Northern Ireland,Spain,1,0,0,0,0,3,1,0,25,6,13,6,11,7,0,0
1982,Brazil,Soviet Union,1,0,0,0,0,3,2,1,14,6,13,6,11,7,0,0
1982,Scotland,New Zealand,1,0,0,0,0,3,5,2,15,6,13,6,11,7,0,0
1982,Brazil,Scotland,1,0,0,0,0,3,4,1,18,6,13,6,11,7,0,0
1982,Soviet Union,New Zealand,1,0,0,0,0,3,3,0,19,6,13,6,11,7,0,0
1982,Soviet Union,Scotland,1,0,0,0,0,3,2,2,22,6,13,6,11,7,0,0
1982,Brazil,New Zealand,1,0,0,0,0,3,4,0,23,6,13,6,11,7,0,0
1982,Poland,Belgium,0,0,1,0,0,3,3,0,28,6,13,6,11,7,0,0
1982,Soviet Union,Belgium,0,0,1,0,0,3,1,0,1,7,13,6,11,7,0,0
1982,Soviet Union,Poland,0,0,1,0,0,3,0,0,4,7,13,6,11,7,0,0
1982,West Germany,United Kingdom,0,0,1,0,0,3,0,0,29,6,13,6,11,7,0,0
1982,West Germany,Spain,0,0,1,0,0,3,2,1,2,7,13,6,11,7,0,0
1982,Spain,United Kingdom,0,0,1,0,0,3,0,0,5,7,13,6,11,7,0,0
1982,Italy,Argentina,0,0,1,0,0,3,2,1,29,6,13,6,11,7,0,0
1982,Brazil,Argentina,0,0,1,0,0,3,3,1,2,7,13,6,11,7,1,0
1982,Italy,Brazil,0,0,1,0,0,3,3,2,5,7,13,6,11,7,0,0
1982,France,Austria,0,0,1,0,0,3,1,0,28,6,13,6,11,7,0,0
1982,Austria,Northern Ireland,0,0,1,0,0,3,2,2,1,7,13,6,11,7,0,0
1982,France,Northern Ireland,0,0,1,0,0,3,4,1,4,7,13,6,11,7,0,0
1982,West Germany,France,0,0,0,1,0,3,5,4,8,7,13,6,11,7,0,0
1982,Italy,West Germany,0,0,0,0,1,3,3,1,10,7,13,6,11,7,0,0
1982,Poland,France,0,0,0,0,1,3,3,2,11,7,13,6,11,7,0,0
1986,Bulgaria,Italy,1,0,0,0,0,4,1,1,31,5,31,5,29,6,0,0
1986,Argentina,South Korea,1,0,0,0,0,4,3,1,2,6,31,5,29,6,0,0
1986,Italy,Argentina,1,0,0,0,0,4,1,1,5,6,31,5,29,6,0,0
1986,South Korea,Bulgaria,1,0,0,0,0,4,1,1,5,6,31,5,29,6,0,0
1986,Italy,South Korea,1,0,0,0,0,4,3,2,10,6,31,5,29,6,0,0
1986,Argentina,Bulgaria,1,0,0,0,0,4,2,0,10,6,31,5,29,6,0,0
1986,Mexico,Belgium,1,0,0,0,0,4,2,1,3,6,31,5,29,6,0,0
1986,Paraguay,Iraq,1,0,0,0,0,4,1,0,4,6,31,5,29,6,0,0
1986,Mexico,Paraguay,1,0,0,0,0,4,1,1,7,6,31,5,29,6,0,0
1986,Belgium,Iraq,1,0,0,0,0,4,2,1,8,6,31,5,29,6,0,0
1986,Belgium,Paraguay,1,0,0,0,0,4,2,2,11,6,31,5,29,6,0,0
1986,Mexico,Iraq,1,0,0,0,0,4,1,0,11,6,31,5,29,6,0,0
1986,France,Canada,1,0,0,0,0,4,1,0,1,6,31,5,29,6,2,0
1986,Soviet Union,Hungary,1,0,0,0,0,4,6,0,2,6,31,5,29,6,0,0
1986,France,Soviet Union,1,0,0,0,0,4,1,1,5,6,31,5,29,6,0,0
1986,Hungary,Canada,1,0,0,0,0,4,2,0,6,6,31,5,29,6,0,0
1986,France,Hungary,1,0,0,0,0,4,3,0,9,6,31,5,29,6,0,0
1986,Soviet Union,Canada,1,0,0,0,0,4,2,0,9,6,31,5,29,6,0,0
1986,Brazil,Spain,1,0,0,0,0,4,1,0,1,6,31,5,29,6,0,0
1986,Algeria,Northern Ireland,1,0,0,0,0,4,1,1,3,6,31,5,29,6,0,0
1986,Brazil,Algeria,1,0,0,0,0,4,1,0,6,6,31,5,29,6,0,0
1986,Spain,Northern Ireland,1,0,0,0,0,4,2,1,7,6,31,5,29,6,0,0
1986,Brazil,Northern Ireland,1,0,0,0,0,4,3,0,12,6,31,5,29,6,0,0
1986,Spain,Algeria,1,0,0,0,0,4,3,0,12,6,31,5,29,6,0,0
1986,Uruguay,West Germany,1,0,0,0,0,4,1,1,4,6,31,5,29,6,0,0
1986,Denmark,Scotland,1,0,0,0,0,4,1,0,4,6,31,5,29,6,0,0
1986,West Germany,Scotland,1,0,0,0,0,4,2,1,8,6,31,5,29,6,0,0
1986,Denmark,Uruguay,1,0,0,0,0,4,6,1,8,6,31,5,29,6,0,0
1986,Denmark,West Germany,1,0,0,0,0,4,2,0,13,6,31,5,29,6,0,0
1986,Scotland,Uruguay,1,0,0,0,0,4,0,0,13,6,31,5,29,6,0,0
1986,Morocco,Poland,1,0,0,0,0,4,0,0,2,6,31,5,29,6,0,0
1986,Portugal,United Kingdom,1,0,0,0,0,4,1,0,3,6,31,5,29,6,0,0
1986,United Kingdom,Morocco,1,0,0,0,0,4,0,0,6,6,31,5,29,6,0,0
1986,Poland,Portugal,1,0,0,0,0,4,1,0,7,6,31,5,29,6,0,0
1986,United Kingdom,Poland,1,0,0,0,0,4,3,0,11,6,31,5,29,6,0,0
1986,Morocco,Portugal,1,0,0,0,0,4,3,1,11,6,31,5,29,6,0,0
1986,Argentina,Uruguay,0,1,0,0,0,4,1,0,16,6,31,5,29,6,0,0
1986,United Kingdom,Paraguay,0,1,0,0,0,4,3,0,18,6,31,5,29,6,0,0
1986,Spain,Denmark,0,1,0,0,0,4,5,1,18,6,31,5,29,6,0,0
1986,Belgium,Soviet Union,0,1,0,0,0,4,4,3,15,6,31,5,29,6,0,0
1986,Brazil,Poland,0,1,0,0,0,4,4,0,16,6,31,5,29,6,0,0
1986,France,Italy,0,1,0,0,0,4,2,0,17,6,31,5,29,6,0,0
1986,West Germany,Morocco,0,1,0,0,0,4,1,0,17,6,31,5,29,6,0,0
1986,Mexico,Bulgaria,0,1,0,0,0,4,2,0,15,6,31,5,29,6,0,0
1986,Argentina,United Kingdom,0,0,1,0,0,4,2,1,22,6,31,5,29,6,0,0
1986,Belgium,Spain,0,0,1,0,0,4,5,4,22,6,31,5,29,6,0,0
1986,France,Brazil,0,0,1,0,0,4,4,3,21,6,31,5,29,6,0,0
1986,West Germany,Mexico,0,0,1,0,0,4,4,1,21,6,31,5,29,6,0,0
1986,Argentina,Belgium,0,0,0,1,0,4,2,0,25,6,31,5,29,6,0,0
1986,West Germany,France,0,0,0,1,0,4,2,0,25,6,31,5,29,6,0,0
1986,Argentina,West Germany,0,0,0,0,1,4,3,2,29,6,31,5,29,6,0,0
1986,France,Belgium,0,0,0,0,1,4,4,2,28,6,31,5,29,6,0,0
1990,Italy,Austria,1,0,0,0,0,4,1,0,9,6,8,6,8,7,0,0
1990,Czechoslovakia,USA,1,0,0,0,0,4,5,1,10,6,8,6,8,7,0,0
1990,Italy,USA,1,0,0,0,0,4,1,0,14,6,8,6,8,7,0,0
1990,Czechoslovakia,Austria,1,0,0,0,0,4,1,0,15,6,8,6,8,7,0,0
1990,Italy,Czechoslovakia,1,0,0,0,0,4,2,0,19,6,8,6,8,7,0,0
1990,Austria,USA,1,0,0,0,0,4,2,1,19,6,8,6,8,7,0,0
1990,Cameroon,Argentina,1,0,0,0,0,4,1,0,8,6,8,6,8,7,0,0
1990,Romania,Soviet Union,1,0,0,0,0,4,2,0,9,6,8,6,8,7,0,0
1990,Argentina,Soviet Union,1,0,0,0,0,4,2,0,13,6,8,6,8,7,0,0
1990,Cameroon,Romania,1,0,0,0,0,4,2,1,14,6,8,6,8,7,0,0
1990,Argentina,Romania,1,0,0,0,0,4,1,1,18,6,8,6,8,7,0,0
1990,Soviet Union,Cameroon,1,0,0,0,0,4,4,0,18,6,8,6,8,7,0,0
1990,Brazil,Sweden,1,0,0,0,0,4,2,1,10,6,8,6,8,7,0,0
1990,Costa Rica,Scotland,1,0,0,0,0,4,1,0,11,6,8,6,8,7,0,0
1990,Brazil,Costa Rica,1,0,0,0,0,4,1,0,16,6,8,6,8,7,0,0
1990,Scotland,Sweden,1,0,0,0,0,4,2,1,16,6,8,6,8,7,0,0
1990,Brazil,Scotland,1,0,0,0,0,4,1,0,20,6,8,6,8,7,0,0
1990,Costa Rica,Sweden,1,0,0,0,0,4,2,1,20,6,8,6,8,7,0,0
1990,Colombia,UAE,1,0,0,0,0,4,2,0,9,6,8,6,8,7,0,0
1990,Germany,Yugoslavia,1,0,0,0,0,4,4,1,10,6,8,6,8,7,0,0
1990,Yugoslavia,Colombia,1,0,0,0,0,4,1,0,14,6,8,6,8,7,0,0
1990,Germany,UAE,1,0,0,0,0,4,5,1,15,6,8,6,8,7,0,0
1990,Germany,Colombia,1,0,0,0,0,4,1,1,19,6,8,6,8,7,0,0
1990,Yugoslavia,UAE,1,0,0,0,0,4,4,1,19,6,8,6,8,7,0,0
1990,Belgium,South Korea,1,0,0,0,0,4,2,0,12,6,8,6,8,7,0,0
1990,Uruguay,Spain,1,0,0,0,0,4,0,0,13,6,8,6,8,7,0,0
1990,Belgium,Uruguay,1,0,0,0,0,4,3,1,17,6,8,6,8,7,0,0
1990,Spain,South Korea,1,0,0,0,0,4,3,1,17,6,8,6,8,7,0,0
1990,Spain,Belgium,1,0,0,0,0,4,2,1,21,6,8,6,8,7,0,0
1990,Uruguay,South Korea,1,0,0,0,0,4,1,0,21,6,8,6,8,7,0,0
1990,United Kingdom,Ireland,1,0,0,0,0,4,1,1,11,6,8,6,8,7,0,0
1990,Netherlands,Egypt,1,0,0,0,0,4,1,1,12,6,8,6,8,7,0,0
1990,United Kingdom,Netherlands,1,0,0,0,0,4,0,0,16,6,8,6,8,7,0,0
1990,Ireland,Egypt,1,0,0,0,0,4,0,0,17,6,8,6,8,7,0,0
1990,United Kingdom,Egypt,1,0,0,0,0,4,1,0,21,6,8,6,8,7,0,0
1990,Ireland,Netherlands,1,0,0,0,0,4,1,1,21,6,8,6,8,7,0,0
1990,Argentina,Brazil,0,1,0,0,0,4,1,0,24,6,8,6,8,7,0,0
1990,Yugoslavia,Spain,0,1,0,0,0,4,2,1,26,6,8,6,8,7,0,0
1990,Ireland,Romania,0,1,0,0,0,4,5,4,25,6,8,6,8,7,0,0
1990,Italy,Uruguay,0,1,0,0,0,4,2,0,25,6,8,6,8,7,0,0
1990,Czechoslovakia,Costa Rica,0,1,0,0,0,4,4,1,23,6,8,6,8,7,0,0
1990,Germany,Netherlands,0,1,0,0,0,4,2,1,24,6,8,6,8,7,0,0
1990,Cameroon,Colombia,0,1,0,0,0,4,2,1,23,6,8,6,8,7,0,0
1990,United Kingdom,Belgium,0,1,0,0,0,4,1,0,26,6,8,6,8,7,0,0
1990,Argentina,Yugoslavia,0,0,1,0,0,4,3,2,30,6,8,6,8,7,0,0
1990,Italy,Ireland,0,0,1,0,0,4,1,0,30,6,8,6,8,7,0,0
1990,Germany,Czechoslovakia,0,0,1,0,0,4,1,0,1,7,8,6,8,7,0,0
1990,United Kingdom,Cameroon,0,0,1,0,0,4,3,2,1,7,8,6,8,7,0,0
1990,Argentina,Italy,0,0,0,1,0,4,4,3,3,7,8,6,8,7,0,0
1990,Germany,United Kingdom,0,0,0,1,0,4,4,3,4,7,8,6,8,7,0,0
1990,Germany,Argentina,0,0,0,0,1,4,1,0,8,7,8,6,8,7,0,0
1990,Italy,United Kingdom,0,0,0,0,1,4,2,1,7,7,8,6,8,7,0,0
1994,USA,Switzerland,1,0,0,0,0,4,1,1,18,6,17,6,17,7,0,0
1994,Romania,Colombia,1,0,0,0,0,4,3,1,18,6,17,6,17,7,0,0
1994,Switzerland,Romania,1,0,0,0,0,4,4,1,22,6,17,6,17,7,0,0
1994,USA,Colombia,1,0,0,0,0,4,2,1,22,6,17,6,17,7,0,0
1994,Colombia,Switzerland,1,0,0,0,0,4,2,0,26,6,17,6,17,7,0,0
1994,Romania,USA,1,0,0,0,0,4,1,0,26,6,17,6,17,7,0,0
1994,Cameroon,Sweden,1,0,0,0,0,4,2,2,19,6,17,6,17,7,0,0
1994,Brazil,Russia,1,0,0,0,0,4,2,0,20,6,17,6,17,7,0,0
1994,Brazil,Cameroon,1,0,0,0,0,4,3,0,24,6,17,6,17,7,0,0
1994,Sweden,Russia,1,0,0,0,0,4,3,1,24,6,17,6,17,7,0,1
1994,Russia,Cameroon,1,0,0,0,0,4,6,1,28,6,17,6,17,7,0,0
1994,Brazil,Sweden,1,0,0,1,0,4,1,1,28,6,17,6,17,7,0,0
1994,Germany,Bolivia,1,0,0,0,0,4,1,0,17,6,17,6,17,7,0,0
1994,Spain,South Korea,1,0,0,0,0,4,2,2,17,6,17,6,17,7,0,0
1994,Germany,Spain,1,0,0,0,0,4,1,1,21,6,17,6,17,7,0,0
1994,South Korea,Bolivia,1,0,0,0,0,4,0,0,23,6,17,6,17,7,0,0
1994,Spain,Bolivia,1,0,0,0,0,4,3,1,27,6,17,6,17,7,0,0
1994,Germany,South Korea,1,0,0,0,0,4,3,2,27,6,17,6,17,7,0,0
1994,Argentina,Greece,1,0,0,0,0,4,4,0,21,6,17,6,17,7,0,0
1994,Nigeria,Bulgaria,1,0,0,0,0,4,3,0,21,6,17,6,17,7,0,0
1994,Argentina,Nigeria,1,0,0,0,0,4,2,1,25,6,17,6,17,7,0,0
1994,Bulgaria,Greece,1,0,0,0,0,4,4,0,26,6,17,6,17,7,0,0
1994,Bulgaria,Argentina,1,0,0,0,0,4,2,0,30,6,17,6,17,7,0,0
1994,Nigeria,Greece,1,0,0,0,0,4,2,0,30,6,17,6,17,7,0,0
1994,Ireland,Italy,1,0,0,0,0,4,1,0,18,6,17,6,17,7,0,0
1994,Norway,Mexico,1,0,0,0,0,4,1,0,19,6,17,6,17,7,0,0
1994,Italy,Norway,1,0,0,0,0,4,1,0,23,6,17,6,17,7,0,0
1994,Mexico,Ireland,1,0,0,0,0,4,2,1,24,6,17,6,17,7,0,0
1994,Italy,Mexico,1,0,0,0,0,4,1,1,28,6,17,6,17,7,0,0
1994,Ireland,Norway,1,0,0,0,0,4,0,0,28,6,17,6,17,7,0,0
1994,Belgium,Morocco,1,0,0,0,0,4,1,0,19,6,17,6,17,7,0,0
1994,Netherlands,Saudi Arabia,1,0,0,0,0,4,2,1,20,6,17,6,17,7,0,0
1994,Saudi Arabia,Morocco,1,0,0,0,0,4,2,1,25,6,17,6,17,7,0,0
1994,Belgium,Netherlands,1,0,0,0,0,4,1,0,25,6,17,6,17,7,0,0
1994,Saudi Arabia,Belgium,1,0,0,0,0,4,1,0,29,6,17,6,17,7,0,0
1994,Netherlands,Morocco,1,0,0,0,0,4,2,1,29,6,17,6,17,7,0,0
1994,Romania,Argentina,0,1,0,0,0,4,3,2,3,7,17,6,17,7,0,0
1994,Sweden,Saudi Arabia,0,1,0,0,0,4,3,1,3,7,17,6,17,7,0,0
1994,Netherlands,Ireland,0,1,0,0,0,4,2,0,4,7,17,6,17,7,0,0
1994,Brazil,USA,0,1,0,0,0,4,1,0,4,7,17,6,17,7,0,0
1994,Bulgaria,Mexico,0,1,0,0,0,4,3,1,5,7,17,6,17,7,0,0
1994,Germany,Belgium,0,1,0,0,0,4,3,2,2,7,17,6,17,7,0,0
1994,Italy,Nigeria,0,1,0,0,0,4,2,1,5,7,17,6,17,7,0,0
1994,Spain,Switzerland,0,1,0,0,0,4,3,0,2,7,17,6,17,7,0,0
1994,Sweden,Romania,0,0,1,0,0,4,5,4,10,7,17,6,17,7,0,0
1994,Brazil,Netherlands,0,0,1,0,0,4,3,2,9,7,17,6,17,7,0,0
1994,Bulgaria,Germany,0,0,1,0,0,4,2,1,10,7,17,6,17,7,0,0
1994,Italy,Spain,0,0,1,0,0,4,2,1,9,7,17,6,17,7,0,0
1994,Italy,Bulgaria,0,0,0,1,0,4,2,1,13,7,17,6,17,7,0,0
1994,Brazil,Italy,0,0,0,0,1,4,3,2,17,7,17,6,17,7,0,0
1994,Sweden,Bulgaria,0,0,0,0,1,4,4,0,16,7,17,6,17,7,0,0
1998,Brazil,Scotland,1,0,0,0,0,4,2,1,10,6,10,6,12,7,0,0
1998,Morocco,Norway,1,0,0,0,0,4,2,2,10,6,10,6,12,7,0,0
1998,Scotland,Norway,1,0,0,0,0,4,1,1,16,6,10,6,12,7,0,0
1998,Brazil,Morocco,1,0,0,0,0,4,3,0,16,6,10,6,12,7,0,0
1998,Norway,Brazil,1,0,0,0,0,4,2,1,23,6,10,6,12,7,0,0
1998,Morocco,Scotland,1,0,0,0,0,4,3,0,23,6,10,6,12,7,0,0
1998,Italy,Chile,1,0,0,0,0,4,2,2,11,6,10,6,12,7,0,0
1998,Cameroon,Austria,1,0,0,0,0,4,1,1,11,6,10,6,12,7,0,0
1998,Chile,Austria,1,0,0,0,0,4,1,1,17,6,10,6,12,7,0,0
1998,Italy,Cameroon,1,0,0,0,0,4,3,0,17,6,10,6,12,7,0,0
1998,Italy,Austria,1,0,0,0,0,4,2,1,23,6,10,6,12,7,0,0
1998,Chile,Cameroon,1,0,0,0,0,4,1,1,23,6,10,6,12,7,0,0
1998,Denmark,Saudi Arabia,1,0,0,0,0,4,1,0,12,6,10,6,12,7,0,0
1998,France,South Africa,1,0,0,0,0,4,3,0,12,6,10,6,12,7,0,0
1998,Denmark,South Africa,1,0,0,0,0,4,1,1,18,6,10,6,12,7,0,0
1998,France,Saudi Arabia,1,0,0,0,0,4,4,0,18,6,10,6,12,7,0,0
1998,France,Denmark,1,0,0,0,0,4,2,1,24,6,10,6,12,7,0,0
1998,South Africa,Saudi Arabia,1,0,0,0,0,4,2,2,24,6,10,6,12,7,0,0
1998,Paraguay,Bulgaria,1,0,0,0,0,4,0,0,12,6,10,6,12,7,0,0
1998,Nigeria,Spain,1,0,0,0,0,4,3,2,13,6,10,6,12,7,0,0
1998,Nigeria,Bulgaria,1,0,0,0,0,4,1,0,19,6,10,6,12,7,0,0
1998,Spain,Paraguay,1,0,0,0,0,4,0,0,19,6,10,6,12,7,0,0
1998,Paraguay,Nigeria,1,0,0,0,0,4,3,1,24,6,10,6,12,7,0,0
1998,Spain,Bulgaria,1,0,0,0,0,4,6,1,24,6,10,6,12,7,0,0
1998,Mexico,South Korea,1,0,0,0,0,4,3,1,13,6,10,6,12,7,0,0
1998,Netherlands,Belgium,1,0,0,0,0,4,0,0,13,6,10,6,12,7,0,0
1998,Belgium,Mexico,1,0,0,0,0,4,2,2,20,6,10,6,12,7,0,0
1998,Netherlands,South Korea,1,0,0,0,0,4,5,0,20,6,10,6,12,7,0,0
1998,Netherlands,Mexico,1,0,0,0,0,4,2,2,25,6,10,6,12,7,0,0
1998,Belgium,South Korea,1,0,0,0,0,4,1,1,25,6,10,6,12,7,0,0
1998,Yugoslavia,Iran,1,0,0,0,0,4,1,0,14,6,10,6,12,7,0,0
1998,Germany,USA,1,0,0,0,0,4,2,0,15,6,10,6,12,7,0,0
1998,Germany,Yugoslavia,1,0,0,0,0,4,2,2,21,6,10,6,12,7,2,0
1998,Iran,USA,1,0,0,0,0,4,2,1,21,6,10,6,12,7,0,1
1998,Yugoslavia,USA,1,0,0,0,0,4,1,0,25,6,10,6,12,7,1,1
1998,Germany,Iran,1,0,0,0,0,4,2,0,25,6,10,6,12,7,0,0
1998,United Kingdom,Tunisia,1,0,0,0,0,4,2,0,15,6,10,6,12,7,0,0
1998,Romania,Colombia,1,0,0,0,0,4,1,0,15,6,10,6,12,7,0,0
1998,Colombia,Tunisia,1,0,0,0,0,4,1,0,22,6,10,6,12,7,0,0
1998,Romania,United Kingdom,1,0,0,0,0,4,2,1,22,6,10,6,12,7,0,0
1998,United Kingdom,Colombia,1,0,0,0,0,4,2,0,26,6,10,6,12,7,0,0
1998,Romania,Tunisia,1,0,0,0,0,4,1,1,26,6,10,6,12,7,0,0
1998,Argentina,Japan,1,0,0,0,0,4,1,0,14,6,10,6,12,7,0,0
1998,Croatia,Jamaica,1,0,0,0,0,4,3,1,14,6,10,6,12,7,0,0
1998,Croatia,Japan,1,0,0,0,0,4,1,0,20,6,10,6,12,7,0,0
1998,Argentina,Jamaica,1,0,0,0,0,4,5,0,21,6,10,6,12,7,0,0
1998,Argentina,Croatia,1,0,0,0,0,4,1,0,26,6,10,6,12,7,0,0
1998,Jamaica,Japan,1,0,0,0,0,4,2,1,26,6,10,6,12,7,0,0
1998,Brazil,Chile,0,1,0,0,0,4,4,1,27,6,10,6,12,7,0,0
1998,Denmark,Nigeria,0,1,0,0,0,4,4,1,28,6,10,6,12,7,0,0
1998,Netherlands,Yugoslavia,0,1,0,0,0,4,2,1,29,6,10,6,12,7,2,0
1998,Argentina,United Kingdom,0,1,0,0,0,4,4,3,30,6,10,6,12,7,0,0
1998,Italy,Norway,0,1,0,0,0,4,1,0,27,6,10,6,12,7,0,0
1998,France,Paraguay,0,1,0,0,0,4,1,0,28,6,10,6,12,7,0,0
1998,Germany,Mexico,0,1,0,0,0,4,2,1,29,6,10,6,12,7,0,0
1998,Croatia,Romania,0,1,0,0,0,4,1,0,30,6,10,6,12,7,0,0
1998,Brazil,Denmark,0,0,1,0,0,4,3,2,3,7,10,6,12,7,0,0
1998,Netherlands,Argentina,0,0,1,0,0,4,2,1,4,7,10,6,12,7,0,0
1998,France,Italy,0,0,1,0,0,4,4,3,3,7,10,6,12,7,0,0
1998,Croatia,Germany,0,0,1,0,0,4,3,0,4,7,10,6,12,7,0,0
1998,Brazil,Netherlands,0,0,0,1,0,4,4,2,7,7,10,6,12,7,0,0
1998,France,Croatia,0,0,0,1,0,4,2,1,8,7,10,6,12,7,0,0
1998,France,Brazil,0,0,0,0,1,4,3,0,12,7,10,6,12,7,0,0
1998,Croatia,Netherlands,0,0,0,0,1,4,2,1,11,7,10,6,12,7,0,0
2002,Senegal,France,1,0,0,0,0,4,1,0,31,5,31,5,30,6,0,0
2002,Denmark,Uruguay,1,0,0,0,0,4,2,1,1,6,31,5,30,6,0,0
2002,Denmark,Senegal,1,0,0,0,0,4,1,1,6,6,31,5,30,6,0,0
2002,France,Uruguay,1,0,0,0,0,4,0,0,6,6,31,5,30,6,0,0
2002,Denmark,France,1,0,0,0,0,4,2,0,11,6,31,5,30,6,0,0
2002,Senegal,Uruguay,1,0,0,0,0,4,3,3,11,6,31,5,30,6,0,0
2002,Paraguay,South Africa,1,0,0,0,0,4,2,2,2,6,31,5,30,6,0,0
2002,Spain,Slovenia,1,0,0,0,0,4,3,1,2,6,31,5,30,6,0,0
2002,Spain,Paraguay,1,0,0,0,0,4,3,1,7,6,31,5,30,6,0,0
2002,South Africa,Slovenia,1,0,0,0,0,4,1,0,8,6,31,5,30,6,0,0
2002,Spain,South Africa,1,0,0,0,0,4,3,2,12,6,31,5,30,6,0,0
2002,Paraguay,Slovenia,1,0,0,0,0,4,3,1,12,6,31,5,30,6,0,0
2002,Brazil,Tunisia,1,0,0,0,0,4,2,1,3,6,31,5,30,6,0,0
2002,Costa Rica,China,1,0,0,0,0,4,2,0,4,6,31,5,30,6,0,0
2002,Brazil,China,1,0,0,0,0,4,4,0,8,6,31,5,30,6,0,0
2002,Costa Rica,Turkey,1,0,0,0,0,4,1,1,9,6,31,5,30,6,0,0
2002,Brazil,Costa Rica,1,0,0,0,0,4,5,2,13,6,31,5,30,6,0,0
2002,Turkey,China,1,0,0,0,0,4,3,0,13,6,31,5,30,6,0,0
2002,South Korea,Poland,1,0,0,0,0,4,2,0,4,6,31,5,30,6,0,0
2002,USA,Portugal,1,0,0,0,0,4,3,2,5,6,31,5,30,6,0,0
2002,USA,South Korea,1,0,0,0,0,4,1,1,10,6,31,5,30,6,0,0
2002,Portugal,Poland,1,0,0,0,0,4,4,0,10,6,31,5,30,6,0,0
2002,South Korea,Portugal,1,0,0,0,0,4,1,0,14,6,31,5,30,6,0,0
2002,Poland,USA,1,0,0,0,0,4,3,1,14,6,31,5,30,6,0,0
2002,Ireland,Cameroon,1,0,0,0,0,4,1,1,1,6,31,5,30,6,0,0
2002,Germany,Saudi Arabia,1,0,0,0,0,4,8,0,1,6,31,5,30,6,0,0
2002,Germany,Ireland,1,0,0,0,0,4,1,1,5,6,31,5,30,6,0,0
2002,Cameroon,Saudi Arabia,1,0,0,0,0,4,1,0,6,6,31,5,30,6,0,0
2002,Germany,Cameroon,1,0,0,0,0,4,2,0,11,6,31,5,30,6,0,0
2002,Ireland,Saudi Arabia,1,0,0,0,0,4,3,0,11,6,31,5,30,6,0,0
2002,Argentina,Nigeria,1,0,0,0,0,4,1,0,2,6,31,5,30,6,0,0
2002,United Kingdom,Sweden,1,0,0,0,0,4,1,1,2,6,31,5,30,6,0,0
2002,Sweden,Nigeria,1,0,0,0,0,4,2,1,7,6,31,5,30,6,0,0
2002,United Kingdom,Argentina,1,0,0,0,0,4,1,0,7,6,31,5,30,6,0,0
2002,Sweden,Argentina,1,0,0,0,0,4,1,1,12,6,31,5,30,6,0,0
2002,Nigeria,United Kingdom,1,0,0,0,0,4,0,0,12,6,31,5,30,6,0,0
2002,Mexico,Croatia,1,0,0,0,0,4,1,0,3,6,31,5,30,6,0,0
2002,Italy,Ecuador,1,0,0,0,0,4,2,0,3,6,31,5,30,6,0,0
2002,Croatia,Italy,1,0,0,0,0,4,2,1,8,6,31,5,30,6,0,0
2002,Mexico,Ecuador,1,0,0,0,0,4,2,1,9,6,31,5,30,6,0,0
2002,Mexico,Italy,1,0,0,0,0,4,1,1,13,6,31,5,30,6,0,0
2002,Ecuador,Croatia,1,0,0,0,0,4,1,0,13,6,31,5,30,6,0,0
2002,Japan,Belgium,1,0,0,0,0,4,2,2,4,6,31,5,30,6,0,0
2002,Russia,Tunisia,1,0,0,0,0,4,2,0,5,6,31,5,30,6,0,0
2002,Japan,Russia,1,0,0,0,0,4,1,0,9,6,31,5,30,6,0,1
2002,Tunisia,Belgium,1,0,0,0,0,4,1,1,10,6,31,5,30,6,0,0
2002,Japan,Tunisia,1,0,0,0,0,4,2,0,14,6,31,5,30,6,0,0
2002,Belgium,Russia,1,0,0,0,0,4,3,2,14,6,31,5,30,6,0,0
2002,Germany,Paraguay,0,1,0,0,0,4,1,0,15,6,31,5,30,6,0,0
2002,USA,Mexico,0,1,0,0,0,4,2,0,17,6,31,5,30,6,0,0
2002,Spain,Ireland,0,1,0,0,0,4,3,2,16,6,31,5,30,6,0,0
2002,South Korea,Italy,0,1,0,0,0,4,2,1,18,6,31,5,30,6,0,0
2002,United Kingdom,Denmark,0,1,0,0,0,4,3,0,15,6,31,5,30,6,0,0
2002,Brazil,Belgium,0,1,0,0,0,4,2,0,17,6,31,5,30,6,0,0
2002,Senegal,Sweden,0,1,0,0,0,4,2,1,16,6,31,5,30,6,0,0
2002,Turkey,Japan,0,1,0,0,0,4,1,0,18,6,31,5,30,6,0,0
2002,Germany,USA,0,0,1,0,0,4,1,0,21,6,31,5,30,6,0,0
2002,South Korea,Spain,0,0,1,0,0,4,5,3,22,6,31,5,30,6,1,0
2002,Brazil,United Kingdom,0,0,1,0,0,4,2,1,21,6,31,5,30,6,0,0
2002,Turkey,Senegal,0,0,1,0,0,4,1,0,22,6,31,5,30,6,0,0
2002,Germany,South Korea,0,0,0,1,0,4,1,0,25,6,31,5,30,6,0,0
2002,Brazil,Turkey,0,0,0,1,0,4,1,0,26,6,31,5,30,6,0,0
2002,Brazil,Germany,0,0,0,0,1,4,2,0,30,6,31,5,30,6,0,0
2002,South Korea,Turkey,0,0,0,0,1,4,3,2,29,6,31,5,30,6,0,0
2006,Germany,Costa Rica,1,0,0,0,0,4,4,2,9,6,9,6,9,7,0,0
2006,Ecuador,Poland,1,0,0,0,0,4,2,0,9,6,9,6,9,7,0,0
2006,Germany,Poland,1,0,0,0,0,4,1,0,14,6,9,6,9,7,0,0
2006,Ecuador,Costa Rica,1,0,0,0,0,4,3,0,15,6,9,6,9,7,0,0
2006,Germany,Ecuador,1,0,0,0,0,4,3,0,20,6,9,6,9,7,0,0
2006,Poland,Costa Rica,1,0,0,0,0,4,2,1,20,6,9,6,9,7,0,0
2006,United Kingdom,Paraguay,1,0,0,0,0,4,1,0,10,6,9,6,9,7,0,0
2006,Trinidad,Sweden,1,0,0,0,0,4,0,0,10,6,9,6,9,7,0,0
2006,United Kingdom,Trinidad,1,0,0,0,0,4,2,0,15,6,9,6,9,7,0,0
2006,Sweden,Paraguay,1,0,0,0,0,4,1,0,15,6,9,6,9,7,0,0
2006,Sweden,United Kingdom,1,0,0,0,0,4,2,2,20,6,9,6,9,7,0,0
2006,Paraguay,Trinidad,1,0,0,0,0,4,2,0,20,6,9,6,9,7,0,0
2006,Argentina,Ivory Coast,1,0,0,0,0,4,2,1,10,6,9,6,9,7,0,0
2006,Netherlands,Serbia,1,0,0,0,0,4,1,0,11,6,9,6,9,7,0,0
2006,Argentina,Serbia,1,0,0,0,0,4,6,0,16,6,9,6,9,7,0,0
2006,Netherlands,Ivory Coast,1,0,0,0,0,4,2,1,16,6,9,6,9,7,0,0
2006,Netherlands,Argentina,1,0,0,0,0,4,0,0,21,6,9,6,9,7,0,0
2006,Ivory Coast,Serbia,1,0,0,0,0,4,3,2,21,6,9,6,9,7,0,0
2006,Mexico,Iran,1,0,0,0,0,4,3,1,11,6,9,6,9,7,0,0
2006,Portugal,Angola,1,0,0,0,0,4,1,0,11,6,9,6,9,7,0,0
2006,Mexico,Angola,1,0,0,0,0,4,0,0,16,6,9,6,9,7,0,0
2006,Portugal,Iran,1,0,0,0,0,4,2,0,17,6,9,6,9,7,0,0
2006,Portugal,Mexico,1,0,0,0,0,4,2,1,21,6,9,6,9,7,0,0
2006,Iran,Angola,1,0,0,0,0,4,1,1,21,6,9,6,9,7,0,0
2006,Czech Republic,USA,1,0,0,0,0,4,3,0,12,6,9,6,9,7,0,0
2006,Italy,Ghana,1,0,0,0,0,4,2,0,12,6,9,6,9,7,0,0
2006,Ghana,Czech Republic,1,0,0,0,0,4,2,0,17,6,9,6,9,7,0,0
2006,Italy,USA,1,0,0,0,0,4,1,1,17,6,9,6,9,7,0,0
2006,Italy,Czech Republic,1,0,0,0,0,4,2,0,22,6,9,6,9,7,0,0
2006,Ghana,USA,1,0,0,0,0,4,2,1,22,6,9,6,9,7,0,0
2006,Australia,Japan,1,0,0,0,0,4,3,1,12,6,9,6,9,7,0,0
2006,Brazil,Croatia,1,0,0,0,0,4,1,0,13,6,9,6,9,7,0,0
2006,Japan,Croatia,1,0,0,0,0,4,0,0,18,6,9,6,9,7,0,0
2006,Brazil,Australia,1,0,0,0,0,4,2,0,18,6,9,6,9,7,0,0
2006,Brazil,Japan,1,0,0,0,0,4,4,1,22,6,9,6,9,7,0,0
2006,Croatia,Australia,1,0,0,0,0,4,2,2,22,6,9,6,9,7,0,0
2006,South Korea,Togo,1,0,0,0,0,4,2,1,13,6,9,6,9,7,0,0
2006,France,Switzerland,1,0,0,0,0,4,0,0,13,6,9,6,9,7,0,0
2006,France,South Korea,1,0,0,0,0,4,1,1,18,6,9,6,9,7,0,0
2006,Switzerland,Togo,1,0,0,0,0,4,2,0,19,6,9,6,9,7,0,0
2006,France,Togo,1,0,0,0,0,4,2,0,23,6,9,6,9,7,0,0
2006,Switzerland,South Korea,1,0,0,0,0,4,2,0,23,6,9,6,9,7,0,0
2006,Spain,Ukraine,1,0,0,0,0,4,4,0,14,6,9,6,9,7,0,0
2006,Tunisia,Saudi Arabia,1,0,0,0,0,4,2,2,14,6,9,6,9,7,0,0
2006,Saudi Arabia,Ukraine,1,0,0,0,0,4,4,0,19,6,9,6,9,7,0,0
2006,Spain,Tunisia,1,0,0,0,0,4,3,1,19,6,9,6,9,7,0,0
2006,Spain,Saudi Arabia,1,0,0,0,0,4,1,0,23,6,9,6,9,7,0,0
2006,Ukraine,Tunisia,1,0,0,0,0,4,1,0,23,6,9,6,9,7,0,0
2006,Germany,Sweden,0,1,0,0,0,4,2,0,24,6,9,6,9,7,0,0
2006,Argentina,Mexico,0,1,0,0,0,4,2,1,24,6,9,6,9,7,0,0
2006,Italy,Australia,0,1,0,0,0,4,1,0,26,6,9,6,9,7,0,0
2006,Ukraine,Switzerland,0,1,0,0,0,4,3,0,26,6,9,6,9,7,0,0
2006,United Kingdom,Ecuador,0,1,0,0,0,4,1,0,25,6,9,6,9,7,0,0
2006,Portugal,Netherlands,0,1,0,0,0,4,1,0,25,6,9,6,9,7,0,0
2006,Brazil,Ghana,0,1,0,0,0,4,3,0,27,6,9,6,9,7,0,0
2006,France,Spain,0,1,0,0,0,4,3,1,27,6,9,6,9,7,0,0
2006,Germany,Argentina,0,0,1,0,0,4,4,2,30,6,9,6,9,7,0,0
2006,Italy,Ukraine,0,0,1,0,0,4,3,0,30,6,9,6,9,7,0,0
2006,Portugal,United Kingdom,0,0,1,0,0,4,3,1,1,7,9,6,9,7,0,0
2006,France,Brazil,0,0,1,0,0,4,1,0,1,7,9,6,9,7,0,0
2006,Italy,Germany,0,0,0,1,0,4,2,0,4,7,9,6,9,7,0,0
2006,France,Portugal,0,0,0,1,0,4,1,0,5,7,9,6,9,7,0,0
2006,Italy,France,0,0,0,0,1,4,5,3,9,7,9,6,9,7,0,0
2006,Germany,Portugal,0,0,0,0,1,4,3,1,8,7,9,6,9,7,0,0
2010,South Africa,Mexico,1,0,0,0,0,4,1,1,11,6,11,6,11,7,0,0
2010,Uruguay,France,1,0,0,0,0,4,0,0,11,6,11,6,11,7,0,0
2010,Uruguay,South Africa,1,0,0,0,0,4,3,0,16,6,11,6,11,7,0,0
2010,Mexico,France,1,0,0,0,0,4,2,0,17,6,11,6,11,7,0,0
2010,Uruguay,Mexico,1,0,0,0,0,4,1,0,22,6,11,6,11,7,0,0
2010,South Africa,France,1,0,0,0,0,4,2,1,22,6,11,6,11,7,0,0
2010,South Korea,Greece,1,0,0,0,0,4,2,0,12,6,11,6,11,7,0,0
2010,Argentina,Nigeria,1,0,0,0,0,4,1,0,12,6,11,6,11,7,0,0
2010,Argentina,South Korea,1,0,0,0,0,4,4,1,17,6,11,6,11,7,0,0
2010,Greece,Nigeria,1,0,0,0,0,4,2,1,17,6,11,6,11,7,0,0
2010,Nigeria,South Korea,1,0,0,0,0,4,2,2,22,6,11,6,11,7,0,0
2010,Argentina,Greece,1,0,0,0,0,4,2,0,22,6,11,6,11,7,0,0
2010,United Kingdom,USA,1,0,0,0,0,4,1,1,12,6,11,6,11,7,0,0
2010,Slovenia,Algeria,1,0,0,0,0,4,1,0,13,6,11,6,11,7,0,0
2010,USA,Slovenia,1,0,0,0,0,4,2,2,18,6,11,6,11,7,0,0
2010,United Kingdom,Algeria,1,0,0,0,0,4,0,0,18,6,11,6,11,7,0,0
2010,United Kingdom,Slovenia,1,0,0,0,0,4,1,0,23,6,11,6,11,7,0,0
2010,USA,Algeria,1,0,0,0,0,4,1,0,23,6,11,6,11,7,0,0
2010,Ghana,Serbia,1,0,0,0,0,4,1,0,13,6,11,6,11,7,0,0
2010,Germany,Australia,1,0,0,0,0,4,4,0,13,6,11,6,11,7,0,0
2010,Serbia,Germany,1,0,0,0,0,4,1,0,18,6,11,6,11,7,0,0
2010,Ghana,Australia,1,0,0,0,0,4,1,1,19,6,11,6,11,7,0,0
2010,Germany,Ghana,1,0,0,0,0,4,1,0,23,6,11,6,11,7,0,0
2010,Australia,Serbia,1,0,0,0,0,4,2,1,23,6,11,6,11,7,0,0
2010,Netherlands,Denmark,1,0,0,0,0,4,2,0,14,6,11,6,11,7,0,0
2010,Japan,Cameroon,1,0,0,0,0,4,1,0,14,6,11,6,11,7,0,0
2010,Netherlands,Japan,1,0,0,0,0,4,1,0,19,6,11,6,11,7,0,0
2010,Denmark,Cameroon,1,0,0,0,0,4,2,1,19,6,11,6,11,7,0,0
2010,Japan,Denmark,1,0,0,0,0,4,3,1,24,6,11,6,11,7,0,0
2010,Netherlands,Cameroon,1,0,0,0,0,4,2,1,24,6,11,6,11,7,0,0
2010,Italy,Paraguay,1,0,0,0,0,4,1,1,14,6,11,6,11,7,0,0
2010,New Zealand,Slovakia,1,0,0,0,0,4,1,1,15,6,11,6,11,7,0,0
2010,Paraguay,Slovakia,1,0,0,0,0,4,2,0,20,6,11,6,11,7,0,0
2010,Italy,New Zealand,1,0,0,0,0,4,1,1,20,6,11,6,11,7,0,0
2010,Slovakia,Italy,1,0,0,0,0,4,3,2,24,6,11,6,11,7,0,0
2010,Paraguay,New Zealand,1,0,0,0,0,4,0,0,24,6,11,6,11,7,0,0
2010,Ivory Coast,Portugal,1,0,0,0,0,4,0,0,15,6,11,6,11,7,0,0
2010,Brazil,North Korea,1,0,0,0,0,4,2,1,15,6,11,6,11,7,0,0
2010,Brazil,Ivory Coast,1,0,0,0,0,4,3,1,20,6,11,6,11,7,0,0
2010,Portugal,North Korea,1,0,0,0,0,4,7,0,21,6,11,6,11,7,0,0
2010,Portugal,Brazil,1,0,0,0,0,4,0,0,25,6,11,6,11,7,0,0
2010,Ivory Coast,North Korea,1,0,0,0,0,4,3,0,25,6,11,6,11,7,0,0
2010,Chile,Honduras,1,0,0,0,0,4,1,0,16,6,11,6,11,7,0,0
2010,Switzerland,Spain,1,0,0,0,0,4,1,0,16,6,11,6,11,7,0,0
2010,Chile,Switzerland,1,0,0,0,0,4,1,0,21,6,11,6,11,7,0,0
2010,Spain,Honduras,1,0,0,0,0,4,2,0,21,6,11,6,11,7,0,0
2010,Spain,Chile,1,0,0,0,0,4,2,1,25,6,11,6,11,7,0,0
2010,Switzerland,Honduras,1,0,0,0,0,4,0,0,25,6,11,6,11,7,0,0
2010,Uruguay,South Korea,0,1,0,0,0,4,2,1,26,6,11,6,11,7,0,0
2010,Ghana,USA,0,1,0,0,0,4,2,1,26,6,11,6,11,7,0,0
2010,Netherlands,Slovakia,0,1,0,0,0,4,2,1,28,6,11,6,11,7,0,0
2010,Brazil,Chile,0,1,0,0,0,4,3,0,28,6,11,6,11,7,0,0
2010,Argentina,Mexico,0,1,0,0,0,4,3,1,27,6,11,6,11,7,0,0
2010,Germany,United Kingdom,0,1,0,0,0,4,4,1,27,6,11,6,11,7,0,0
2010,Paraguay,Japan,0,1,0,0,0,4,5,3,29,6,11,6,11,7,0,0
2010,Spain,Portugal,0,1,0,0,0,4,1,0,29,6,11,6,11,7,0,0
2010,Uruguay,Ghana,0,0,1,0,0,4,4,2,2,7,11,6,11,7,0,0
2010,Netherlands,Brazil,0,0,1,0,0,4,2,1,2,7,11,6,11,7,0,0
2010,Germany,Argentina,0,0,1,0,0,4,4,0,3,7,11,6,11,7,0,0
2010,Spain,Paraguay,0,0,1,0,0,4,1,0,3,7,11,6,11,7,0,0
2010,Netherlands,Uruguay,0,0,0,1,0,4,3,2,6,7,11,6,11,7,0,0
2010,Spain,Germany,0,0,0,1,0,4,1,0,7,7,11,6,11,7,0,0
2010,Spain,Netherlands,0,0,0,0,1,4,1,0,11,7,11,6,11,7,0,0
2010,Germany,Uruguay,0,0,0,0,1,4,3,2,10,7,11,6,11,7,0,0
